ID,sequence
ID-4215,TACCGGCGGTCCAAGTTGCAGCCACATTTATTTGGTCTAAAACATTCGTAGCTTGTTTAGTAAGTTTCTTGTGAAATCTTATCTCTTAAAGGTAAGGCGTGCAAGAAATACTGCTAGACTAGGGACTGGAAGAAGTGAAAAGTACAACCG
ID-53853,TCCCAGCAGTCCGAGTTGTGACCACATTTATTAGGTCTAAAATATTCGTAGCTTGTTTTGTAAGTCTTTTGTGAAATGCTATCGCTTAACGATAGCGCGTGCAAAAGATACTGCTTTACTAGAGACCGGAAGACGTAACGAGTACGATTA
ID-52599,TCCCGGCAGTCCAAGTCGCAGCCAACATTATTGGGTCTAAAACATCCGTAGCTTGTTTATTAAGTTCTTTGTGAAATCCGGCATCTTAAGTGTCGGGCGAGCAGAGAATACTGATAAGCTCGGGATCGGAAGATGCAAGGAGTACACTCA
ID-62594,TCCCAGCAGTCCAAGTTGCAGCCAACTTTATTAGGTCTAAAACATCCGTAGCTTGTCTGACAAGTTCTTTGTGAAATCTGGCATCTTAAGTGTCGGGCGCGCAAAGAATACTGTTGGGCTAGGGACCGGTAGATGTAAAGAGTATGCTTA
ID-72412,AACCATCTCTCCGAATGAACTGCCATACTAGGCCTAAAGCGTACGCAGCCGGAAAGGGTAGTCCCTGGTGAAATCCACTGGCCCAACCATTGGGCTTGCTGGGGAAACCACCTTTCTAGGGACTGGAAGAGGTAAGCGGTACTGGCAGGG
ID-78729,TACCGGCGGTCCAAGTTGCAGCCACATTTATTTGGTCTAAAACATTCGTAGCTTGTTTAGTAAGTTTCTTGTGAAATCTTATCCCTCAAAGGTAAGGCGTGCAAGAAATACTGCTAGACTAGGGACTGGAAGAAGTGAAAAGTACAACCG
ID-32523,CACCAGCGCCACAAGTGGTGATCGCATTTATTGGGCTTAAAGCATCCGTAGCCGGATGATTTAGTTTCTAGTGAAACTTAGCAGCCTAACTGTTAAGCGTGCTAGAAATACTAATTATCTAGAGACCGGGAGGAGTCAGGAGTATTCCTA
ID-76608,TACCGGCAGTTCCAGTGGCAGCCAACTTTATTGGGTCTAAAACATCCGTAGCTTGTTTGTTAAGTTCCCTGTGAAATCCCACGTCTCAAGCGTGGGGCGAGCGGGGAATACTGATAGACTAGAGATCGGTAGGCGTAAGGAGTATGGCCA
ID-46129,TCCCAGCAGTCCAAGTCGCAACCACAACTGTTTGGTCTAAAACATCCGTAGCTTGCTATGTAAGTCTTCTGTGAAATTTCACATCTTAAGTGTGGAGCGGGCAGAAGATACTGCATGGCTAGAGACCGAAGGACGCAAGGAGTACAATCA
ID-73041,TCCCGACGCTCCAAGTCGCAGCCACAATTATTGGGTCTAAAACATTCGTAGCTTGTTTGTTAAGTTCTTTGTGAAATTCTAACTCTTAAAGTTAGAGCGTGCAAAGAATACTGGCAAACTTGAGACCGGAAGATGTAAGAAGTACGACCA
ID-35597,TCCCGGCGGTCCAAGTCGCAACCACAACTGTTTGGTCTAAAACATCCGTAGCTTGTTGTATAAGTCCCCTGTGAAATTCTGTCTCTTAAGGGCAGAGCGCGCAGAGGATACTGTATGACTAGAGACCGAAGGACGTAAGGAGTACAGTTA
ID-56315,TCCCGGCAGTCCAAGTCGCAACCAACTTTATTGGGTCTAAAACATCCGTAGCTTGTTTGGTAAGTTCTTTGTGAAATCCAATGTCTTAAACATTGGGCGTGCAAGGAGTACTACCAAGCTAGGGACTGGTAGGTGTAAGAAGTACGCTTA
ID-76957,TCCCAGCAGTCCGAGTCGTGGCCACATTTATTAGGTCTAAAACATTCGTAGCTTGCATTGTAAGTTCTTTGTGAAATTGTTGCACTTAATGCAACAGCGTGCAAGGGAGACTGCAGTGCTAGGGACCGGGAGACGTAAGGAGTACATTCA
ID-28120,CACCAGAGCCACAAGTGGAGACCGTTTTTATTGGGTCTAAAGCGTTCGTAGCCGAATGAGCAAGTCTTTTGTGAAATTGTTCTGCTTAACAGAACAGCGAGCAATTGATACTACTCATTTAGAGACCGGGAGGGGACAGGAGTATGCTGA
ID-86243,TCCCAGCAGTCCAAGTCGCAACCACTTTTATTAGGTCTAAAACATTCGTAGCTTGTTCTATAAGTTTCCTGTGAAATTGTTGTGCTCAACGCAACAGCGGGCAGGAGATACTGTAGGACTGGAGACTGGGAGACGTAACGAGTACGATTG
ID-7587,TACGAGGGCTCCAAGCGTTGTCCGGTATCATTGGGCGTAAAGAGTTATGTAGGCGGTTTTATAAGTTATGGGTTAAATCTTCCGGCTCAACCGGAAATCTGCTTGTAATACTGTAAAACTAGAGATAATCAGGGGAAGGTAGAACGTATG
ID-9441,TCCCTGCACCTCAAGTCGTGACCATGTTTATTGGGCCTAAAGTATCCGTAGCCGGACTAATAAGTCTTTTGTGAAATCGTGCAGCTCAACTGTACGGCGTGCAAGAGATACTATTAGTCTTGAGATCGGGGGGAGTCAAGGGTATTCCTG
ID-10782,GACGTAGGGAGCAAGCGTTATCCGGAATTACTGGGCGTAAAGAGTGCGTAGGCGGTCTTGTTGGTCTTATATTAAATCTTTTGGCTCAACCAAAAAACTGTATGAGATACCGCAAGACTAGAGGCTAATAGAGGCAGGTGGAATTCCCGG
ID-11214,TCCCGACGCTCCAAGTCGCAGCCACAATTATTGGGTCTAAAACATTCGTAGCTTGTTTCGTAAGTTCTTTGTGAAATCTCAACTCTTAAGGTTGAGGCGTGCAAGGAATACTGCAAAACTAGAGACCGGAAGAAGCAAGAAGTATGATTG
ID-13736,TACGAAGGCGTCAAGCGTTATCCGGATTTATTGGGCGTAAAGAGCGAGTAGGTGGTTTGGCGCGTCTGTTGTTAAATGTCTCCGCTTAACGGGGTCACCGCAATGGAAACGGCCAAACTAGAGGGTGCTAGAGGCAACTAGAACGCACGG
ID-14818,TCCCGACGCTCCAAGTCGCAGCCACAATTATTGGGTCTAAAACATTCGTAGCTTGTTCGTTAAGTTCTTTGTGAAATCTTATATCTCAAGTATAAGGCGCGCAAAGAATACTGGCAAACTAGGGACCGGAAGAAGCAAAAAGTACACTCA
ID-17612,CACCAGCGCCACAAGTGGTGATCACGTTTATTGGGTCTAAAGGGTCCGTAGCTGGTCTGATAAGTTCTTTGTAAAATTGTTGGGCTTAACTTAACAACTTGCAAGGAAAACTATCAAACTAGGAACCGGGAGAAGGCAGAAGTACTTTGT
ID-18024,CACCAGAGCCACAAGTGGTAATCATAATTATTGGGCCTAAAGCGTTCGTAGCTGATTCAATAAATCTTTTGTGAAATTGTTAGACTTAATTTAACATTGTGCAAAAGAGACTGTTGGGTTTGAGACCAGGAAGAGGCAGAAGTATTCTAG
ID-18882,TACCGGCGGTCCGAGTCGCATCCACATTTATTGGGTCTAAAACATTCGTAGCTTGTTTTGTAAGTCTCTTGTGAAATCACATGTCTCAAGCATGTGGCGTGCAAGAGGTACTGCATTACTAGAGACCGGAAGACGCAAAGAGTACGATTA
ID-24798,AACTAGCAACCCAAGTGGTGGTCGTTTTTATTTGGCTTAAAGCGTCCGTAGTCGGATATGTAAGTTTCCTGTGAAATCCTAGCGCTTAACGTTAGGGCTTGCAGGGAATACTGCTTATCTTGGAGCCGGGAGAGGTTGGGGGTATTCCTG
ID-31144,TCCCAGCAGTCCGAGTCGTGGCCACATTTATTAGGTCTAAAACATTCGTAGCTGGTTTTGTAAGTTCTTTGTGAAATTGTTGCACTTAATGCAACAGCGTGCAAGGGAGACTGCAAGACTAGAGACCGGGAGACGTAAGGAGTACATTCA
ID-40119,TACCAGCGCCACGAGTGGAGATCACTATTATTGGGTCTAAAGAGTTCGTAGCTGGTTTTGTAAGTCTTTTGTGAAATTTCTTTGGCTTAACCAGGAAATTGCAAGAGATACTGCAAGACTTGAGACCGGGAAGGATAAGAAGTATTGTTT
ID-40581,CCCCGGAGCCTCAAGTGGTGACCATTATTATTGGGCCTAAAGCGCCCGTAGCAGGATTAATAAGTTCTCGGTGAAATCGTTATGCTTAACATAACGAATTGCCTTGAATACTGTTAATCTAGGGATTGGGAGAGGTTAGTAGTATGCCTA
ID-40938,AACCATCTCAACAAGGGCACTGCAGATACTAAGCTTAAAGCGCACGCAGCCGGACCAGGCAGTCTTCGGTTAAATCTGACAGCTCAACTGTCAGTCTGCTGGGGAAACCACTGGTCTTGGGACAGGTAGAGGTAAACGGTACTATCAGGG
ID-41829,TACGGAGGGTGCAAGCGTTGTCCGGATTCATTGGGCGTAAAGCGCGTGTAGGCGGATTGGTCTGTCGGAAGTGAAATCTGCCCGCTTAACGGGCAGGAGCCTTTCGATACTGCCTCTCTCGAGTGCAGGAGAGGGTGATGGAATTCCTGG
ID-42634,CACCATCTCTCCGAGTGAACTGCTATATTAGGCCTAAAGCGTGCGCAGCCGGACAGGGCAGTCTTTGGTGAAATTCGGGGGCTTAACCTTCGGAATTGCTGGAGAAACCACCTGTCTTGGAATAGGAAGAGGTAGTCGCTACTTTTGGGG
ID-43341,AACCATCTCCACAAGGCTTATGCAGATACTAGGCTTAAAGCGTGCGCAGCCGGTTAAAGTAGTCTTCGGTTAAATCTGGTCGCTCAACGATCAGTCTGCTGGAGAAACCATTTAGCTTGGGACAGGAAGAGATTGACGGTACCATACGGG
ID-47382,AACCATCTCTCCGAGTGAACTGCCATACTAGGCCTAAAGCGTGCGCAGCCGGAGAGGGTAGTCCCCGGTGAAATCCATTCGCTCAACGAATGGAACTGCTGAGGAAACCACCTTTCTCGGGACTGGAAGAGGTAAGCGGTACTTACAGGG
ID-47786,TCCCAGCAGTCCAAGTCGCAACCACAACTGTTTGGTCTAAAACATCCGTAGCTTGCTATGTAAGTCTTCTGTGAAATTTCACATCTTAAGTGTGGAGCGGGCAGAGGATACTGCATGGCTAGAGATCGAAGGACGCAAGGAGTACAATCA
ID-48089,CACCAGCGCCACAAGTGGTGATCACGATTATTGGGTCTAAAGGGTCCGTAGCTTGTTTGATAAATTTTCCGTGAAATTGTTATGCTTAACATAACAAATTGCGGAAAACACTATCGAACTAGAGACCGGGAGGAGATAGAAGTATTCTAA
ID-49280,CACCGGCGCCACAAGTGGCGATCATCATTATTGGGTCTAAAGCGTCCGTAGCTGATTTATTAAATCTCTTGTGAAATTGTTAAGCTCAACTTAGCAGTGTGCAAAAGAAACTGATGAATTAGAGACCGGGAGGAGATGAGAGAACTCTTT
ID-50140,TCCCGGCGCCCCAAGTGGTGACCACGATTATTGGGCCTATAGCATCCGTAGCCGGTTAATTAAGTCCTTAGTGAAATCCAGCAGCCTAACTGTTGGGCGTGCTGAGGATACTGGTTAACTTGAGACAGGGAGGAGTCAGGAGTATGCCTT
ID-54573,TCCCAGCAGTCCGAGTCGTGGCCACATTTATTAGGTCTAAAACATTCGTAGCTGGTTTTGTAAGTTCTTTGTGAAATTGTTGCACTTAATGCAACAGCGGGCAAGGGAGACTGCAAGACTAGAGACCGGGAGACATAAGGAGTACATTCA
ID-56144,TACGGAGGTGGCAAGCGTTGCTCGGATTCATTGGGTGTAAAGGGTCGGTAGGCGGTCCCATAAGTGCTTGGTGAAATCCCGCAGCTTAACTGCGGAACGCCCAGGTATACTGTGGGACTTGAGGGCTGGAGAGGCAGACGGAATTCCCGG
ID-56632,TACCAGCGCCACAAGTGGAGATCATTATTATTGGGTCTAAAGTGTTCGTAGCCGGTTTTGAAAGTCTCTTGTGAAAGTTCAATGCTTAACTTTGAATTTGCAAGAGATACTTCAAGACTTGAGACCGGGAGAGACAGGAAGTATTGTTTG
ID-58621,TCCCTGCGCCTCAAGTCGTGACCATGTTTATTGGGCCTAAAGTATCCGTAGCCGGACTATTAAGTCCCTTGTGAAATCGTGCAGCTTAACTGTACGGCGGGCAAGGGATACTGTTAGTCTAGAGACCGGGCGGAGTCAAGGGGATTTCTG
ID-59175,TTCGAGGAAGGCAAGCGTTATCCGGAATCATTGGGCGTAAAGCGTGCGCAAGCGGTTTTGTAAGTGAGGTGTTAAATTCCAACGCTCAACGTTGGACTCGCGCTTCATACTGCAAGACTTGAGATTAGTAGAGGCAAATGGAATTCCCGG
ID-59260,AACCAGCTCTTAGAGTGGTCAGCGTGATTATTTGGGTTAAAGGGAACGTAGCAGGGTAATTTAAGTCCCCGGTGAAATACTAGGTCTCAAGCTTAGTGCGCGCTGGGGATACTGAATACCTTGGGACCGGAAGAGGAAGACGGTACGTCT
ID-63002,CACCAGCGCCACAAGTGGTGATCATGTTTATTGGGTCTAAAGGGTCCGTAGCTGGTTAGAAAAGTTCCTTGTAAAATTGTTAGGCTTAACTTAACAGCTTGTGAAGAAAACTATCTAACTTGGAACCGGGAGAAGGCAGAAGTACTTTAA
ID-67694,TACGTAACCCCTAAGTGGTTTCCACTCATATTGGGCCTAAAACATCTGTAGCCTGTTTTGTAAGTCTTTAGTGAAATCGGTCGACTCAATCGGCCGCATTGCTAAAGATACTGCATTACTAGAGGAAGGAAGACGTAAAGGGAATTTTCG
ID-69647,TACAGAGACCTCGAGCATTATCCGGATTTATTGGGCGTAAAGGGTCCGCAGGCGGCTGTATAAGTTGTGGGTTAAAGCTCCGAGCTCAACTCGGAAATCGCTCGCAAAACTGTACAGCTAGAGATCGGGAGAGGTAAGCGGAATTGCCGG
ID-71392,CACCATCTCTCCAAGGGCACTGCAGATACTAAGCTTAAAGCGCACGCAGCCGGATCTAGTAGTCTTCGGTTAAATCTGGTAGCTCAACTATCAGCCTGCTGGAGAAACCATAGGTCTTGGGACAGGAAGAGGTGAACGGTACTAACAGGG
ID-79891,TACCGGCGCCCCGAGTGGTAGTCGCGTTTATTGGGCTTAAAGCATCCGTAGCTGGCTATGTAAGTTTCTGGTGAAATCTAACAGCTTAACTGTTAGGCGTGCTGGAAATACTGCATGGCTCGGGACTGGGAGGAGTCAGAGGTATGCCGG
ID-82126,TTCGAGGAAGGCAAGCGTTATCCGGAATCATTGGGCGTAAAGCGTGCGTAAGCGGTTTTGTAAGTGAGGTGTTAAATTCCAACGCTCAACGTTGGACTCGCGCTTCATACTGCAAGACTTGAGAATAGTAGAGGCAAATGGAATTCCCGG
ID-84908,TCCCGACGGTCCGAGTCGCAGCCACAATTATTGGGTCTAAAACATTCGTAGCTTGTTTCGTAAGTTCTTTGTGAAATCTTAACTCTTAAGGTTAAGGCGTGCAAAGAATACTGCAAAACTAGAGACCGGAAGAAGCAAGAAGTATGATTG
